Memory,Total_CPU_Capacity_MHz,CPUs_VM_Access,Count,Category
0.5,0.0,0,1,Category 1
0.5,1995.31,1,4,Category 2
0.5,2095.08,1,36,Category 3
0.5,2100.0,1,6,Category 4
0.5,2194.84,1,4,Category 5
0.5,2494.22,1,2,Category 6
0.5,2497.11,1,2,Category 7
0.5,3990.62,2,1,Category 8
0.5,4190.16,2,2,Category 9
0.5,4988.45,2,2,Category 10
1.0,1995.31,1,16,Category 11
1.0,2095.08,1,40,Category 12
1.0,2100.0,1,29,Category 13
1.0,2194.84,1,8,Category 14
1.0,2596.99,1,1,Category 15
1.0,2600.0,1,1,Category 16
1.5,1995.31,1,2,Category 17
1.95,2095.08,1,1,Category 18
2.0,1995.31,1,62,Category 19
2.0,2095.08,1,113,Category 20
2.0,2100.0,1,55,Category 21
2.0,2194.84,1,24,Category 22
2.0,2294.47,1,3,Category 23
2.0,2294.61,1,1,Category 24
2.0,2494.22,1,8,Category 25
2.0,2494.23,1,3,Category 26
2.0,2497.11,1,7,Category 27
2.0,2500.0,1,2,Category 28
2.0,2600.0,1,2,Category 29
2.0,2992.97,1,2,Category 30
2.0,3990.62,2,31,Category 31
2.0,4190.16,2,407,Category 32
2.0,4200.0,2,13,Category 33
2.0,7981.25,4,5,Category 34
2.0,8380.31,4,39,Category 35
2.0,8399.99,4,3,Category 36
2.21,2100.0,1,1,Category 37
2.25,1995.31,1,7,Category 38
2.25,2095.08,1,18,Category 39
2.25,2100.0,1,1,Category 40
3.0,1995.31,1,2,Category 41
3.0,2095.08,1,61,Category 42
3.0,15962.5,8,2,Category 43
3.0,16760.62,8,4,Category 44
3.0,16799.99,8,2,Category 45
3.0,18355.77,8,1,Category 46
3.0,19953.79,8,1,Category 47
3.0,19976.86,8,1,Category 48
4.0,1995.31,1,2,Category 49
4.0,2095.08,1,23,Category 50
4.0,2100.0,1,9,Category 51
4.0,2294.47,1,1,Category 52
4.0,2992.97,1,2,Category 53
4.0,3491.8,1,24,Category 54
4.0,3990.62,2,94,Category 55
4.0,4190.16,2,431,Category 56
4.0,4200.0,2,60,Category 57
4.0,4389.69,2,18,Category 58
4.0,4988.45,2,3,Category 59
4.0,4994.22,2,1,Category 60
4.0,5000.0,2,13,Category 61
4.0,5200.0,2,4,Category 62
4.0,5985.94,3,3,Category 63
4.0,6299.99,3,1,Category 64
4.0,7981.25,4,4,Category 65
4.0,8380.31,4,16,Category 66
4.0,8399.99,4,24,Category 67
4.0,8779.37,4,22,Category 68
4.0,9976.9,4,11,Category 69
4.0,9988.43,4,11,Category 70
4.0,16760.62,8,5,Category 71
4.0,16799.98,8,1,Category 72
4.0,16799.99,8,2,Category 73
4.0,33521.24,16,1,Category 74
5.0,4190.16,2,2,Category 75
5.0,4200.0,2,2,Category 76
5.0,6983.59,2,35,Category 77
5.0,7183.12,2,6,Category 78
5.0,8978.9,3,4,Category 79
5.0,8978.91,3,10,Category 80
5.0,10000.0,4,1,Category 81
6.0,2100.0,1,10,Category 82
6.0,2596.99,1,1,Category 83
6.0,3591.56,1,674,Category 84
6.0,3990.62,2,4,Category 85
6.0,4190.16,2,13,Category 86
6.0,4788.46,2,5,Category 87
6.0,4788.75,2,3,Category 88
6.0,5000.0,2,1,Category 89
6.0,5187.81,2,6,Category 90
6.0,5193.98,2,6,Category 91
6.0,7482.67,3,2,Category 92
6.0,8380.31,4,3,Category 93
6.0,8399.99,4,19,Category 94
6.0,10400.0,4,4,Category 95
6.0,11971.87,4,1,Category 96
6.0,12570.47,6,1,Category 97
6.0,12599.99,6,7,Category 98
6.0,15962.5,8,2,Category 99
6.0,16760.62,8,4,Category 100
6.0,16799.98,8,2,Category 101
6.0,16799.99,8,1,Category 102
6.0,18355.77,8,1,Category 103
6.0,19953.79,8,1,Category 104
6.0,19976.86,8,1,Category 105
7.0,8380.31,4,1,Category 106
7.64,17957.81,6,6,Category 107
7.91,4190.16,2,4,Category 108
8.0,1995.31,1,7,Category 109
8.0,2095.08,1,5,Category 110
8.0,2294.61,1,2,Category 111
8.0,3990.38,2,2,Category 112
8.0,3990.62,2,114,Category 113
8.0,4190.16,2,246,Category 114
8.0,4200.0,2,73,Category 115
8.0,4394.91,2,133,Category 116
8.0,4400.0,2,43,Category 117
8.0,4589.22,2,22,Category 118
8.0,4988.45,2,1,Category 119
8.0,4994.22,2,6,Category 120
8.0,5000.0,2,5,Category 121
8.0,5985.94,2,204,Category 122
8.0,6285.23,3,2,Category 123
8.0,6299.99,3,1,Category 124
8.0,7183.12,2,98,Category 125
8.0,7482.67,3,1,Category 126
8.0,7491.32,3,2,Category 127
8.0,7980.77,4,1,Category 128
8.0,7981.25,4,163,Category 129
8.0,8380.31,4,535,Category 130
8.0,8390.28,4,1,Category 131
8.0,8399.99,4,132,Category 132
8.0,9177.88,4,1,Category 133
8.0,9178.44,4,2,Category 134
8.0,9576.92,4,1,Category 135
8.0,9976.9,4,17,Category 136
8.0,9988.43,4,2,Category 137
8.0,10000.0,4,21,Category 138
8.0,10387.97,4,18,Category 139
8.0,10400.0,4,18,Category 140
8.0,11971.87,4,69,Category 141
8.0,11971.87,6,7,Category 142
8.0,12570.47,6,3,Category 143
8.0,12599.99,6,13,Category 144
8.0,13766.82,6,1,Category 145
8.0,14964.84,5,7,Category 146
8.0,15600.0,6,1,Category 147
8.0,15962.5,8,11,Category 148
8.0,16760.62,8,29,Category 149
8.0,16799.98,8,1,Category 150
8.0,16799.99,8,10,Category 151
8.0,17957.81,6,3,Category 152
8.0,23943.75,8,2,Category 153
8.0,33521.24,16,3,Category 154
8.0,33521.25,16,5,Category 155
9.0,7981.25,4,3,Category 156
9.0,8380.31,4,1,Category 157
10.0,2500.0,1,4,Category 158
10.0,5985.94,2,102,Category 159
10.0,6285.23,3,2,Category 160
10.0,6983.59,2,189,Category 161
10.0,7183.12,2,100,Category 162
10.0,8380.31,4,1,Category 163
10.0,12570.47,6,1,Category 164
11.0,7981.25,4,12,Category 165
11.0,8380.31,4,8,Category 166
11.99,8380.31,4,1,Category 167
12.0,1995.31,1,1,Category 168
12.0,3990.62,2,9,Category 169
12.0,4190.16,2,17,Category 170
12.0,4200.0,2,8,Category 171
12.0,5000.0,2,3,Category 172
12.0,6285.23,3,2,Category 173
12.0,7981.25,4,18,Category 174
12.0,8380.31,4,67,Category 175
12.0,8399.99,4,15,Category 176
12.0,9177.88,4,4,Category 177
12.0,9576.92,4,16,Category 178
12.0,9577.5,4,27,Category 179
12.0,10000.0,4,2,Category 180
12.0,10387.97,4,3,Category 181
12.0,10400.0,4,1,Category 182
12.0,11971.87,4,16,Category 183
12.0,11971.87,6,1,Category 184
12.0,12570.47,6,23,Category 185
12.0,12599.99,6,14,Category 186
12.0,15962.5,8,2,Category 187
12.0,16760.62,8,17,Category 188
12.0,16799.98,8,2,Category 189
12.0,16799.99,8,6,Category 190
12.0,17957.81,6,3,Category 191
12.0,18355.77,8,1,Category 192
12.0,19953.8,8,2,Category 193
13.0,35915.62,12,2,Category 194
14.0,3990.62,2,1,Category 195
14.0,4190.16,2,2,Category 196
14.0,4200.0,2,4,Category 197
14.0,4588.94,2,1,Category 198
14.0,8380.31,4,3,Category 199
15.0,2494.22,1,1,Category 200
15.0,8380.31,4,2,Category 201
15.0,15962.5,8,4,Category 202
15.0,16760.62,8,2,Category 203
15.0,16799.98,8,1,Category 204
15.0,16799.99,8,3,Category 205
15.88,16760.62,8,1,Category 206
16.0,1995.31,1,2,Category 207
16.0,2095.08,1,2,Category 208
16.0,2100.0,1,1,Category 209
16.0,3990.62,2,96,Category 210
16.0,4190.16,2,131,Category 211
16.0,4200.0,2,39,Category 212
16.0,4588.94,2,9,Category 213
16.0,4589.22,2,4,Category 214
16.0,4988.45,2,3,Category 215
16.0,4994.21,2,2,Category 216
16.0,4994.22,2,5,Category 217
16.0,5000.0,2,29,Category 218
16.0,5200.0,2,4,Category 219
16.0,5985.94,3,1,Category 220
16.0,6285.23,3,2,Category 221
16.0,7482.67,3,1,Category 222
16.0,7981.25,4,419,Category 223
16.0,8380.31,4,1418,Category 224
16.0,8399.99,4,171,Category 225
16.0,9177.88,4,10,Category 226
16.0,9178.44,4,12,Category 227
16.0,9576.92,4,1,Category 228
16.0,9976.9,4,26,Category 229
16.0,9988.43,4,12,Category 230
16.0,10000.0,4,90,Category 231
16.0,10400.0,4,22,Category 232
16.0,10475.39,5,12,Category 233
16.0,11971.87,4,4,Category 234
16.0,11971.87,6,22,Category 235
16.0,12570.47,6,32,Category 236
16.0,12599.99,6,24,Category 237
16.0,14965.34,6,2,Category 238
16.0,14965.35,6,2,Category 239
16.0,15000.0,6,2,Category 240
16.0,15600.0,6,1,Category 241
16.0,15962.5,8,192,Category 242
16.0,16760.62,8,758,Category 243
16.0,16760.63,8,1,Category 244
16.0,16799.98,8,66,Category 245
16.0,16799.99,8,137,Category 246
16.0,17957.81,6,12,Category 247
16.0,18355.77,8,9,Category 248
16.0,19153.84,8,27,Category 249
16.0,19953.79,8,5,Category 250
16.0,19953.8,8,7,Category 251
16.0,19976.86,8,47,Category 252
16.0,20000.0,8,7,Category 253
16.0,20775.94,8,1,Category 254
16.0,20800.0,8,1,Category 255
16.0,23943.75,8,31,Category 256
16.0,33521.25,16,2,Category 257
16.0,35915.62,12,5,Category 258
16.0,40000.0,16,2,Category 259
16.0,47887.49,16,20,Category 260
16.0,47887.5,16,28,Category 261
16.0,53873.43,18,6,Category 262
16.0,59859.37,20,4,Category 263
17.0,4190.16,2,1,Category 264
18.0,3990.62,2,1,Category 265
18.0,8399.99,4,2,Category 266
18.0,15962.5,8,6,Category 267
18.0,16760.62,8,3,Category 268
18.0,16799.99,8,3,Category 269
18.0,18355.77,8,1,Category 270
18.0,29965.29,12,1,Category 271
18.0,35915.62,12,1,Category 272
18.0,59859.37,20,1,Category 273
19.0,3990.62,2,4,Category 274
19.0,9576.92,4,3,Category 275
20.0,3990.62,2,1,Category 276
20.0,7981.25,4,2,Category 277
20.0,8380.31,4,9,Category 278
20.0,8399.99,4,1,Category 279
20.0,12599.99,6,1,Category 280
20.0,15962.5,8,3,Category 281
20.0,16760.62,8,9,Category 282
20.0,18355.77,8,2,Category 283
20.0,19953.79,8,1,Category 284
20.0,25199.98,12,4,Category 285
21.0,4988.45,2,3,Category 286
21.0,5985.94,2,124,Category 287
21.0,6983.59,2,165,Category 288
21.0,7183.12,2,166,Category 289
22.0,3990.62,2,1,Category 290
22.0,35915.62,12,2,Category 291
23.0,2095.08,1,3,Category 292
23.0,3990.62,2,2,Category 293
23.0,4190.16,2,7,Category 294
24.0,1995.31,1,1,Category 295
24.0,2095.08,1,4,Category 296
24.0,2100.0,1,1,Category 297
24.0,2294.47,1,3,Category 298
24.0,3990.62,2,2,Category 299
24.0,4190.16,2,14,Category 300
24.0,4200.0,2,16,Category 301
24.0,4588.94,2,11,Category 302
24.0,4589.22,2,3,Category 303
24.0,4988.45,2,2,Category 304
24.0,7981.25,4,16,Category 305
24.0,8380.31,4,69,Category 306
24.0,8399.99,4,19,Category 307
24.0,9177.88,4,7,Category 308
24.0,9178.44,4,16,Category 309
24.0,9976.9,4,3,Category 310
24.0,10000.0,4,1,Category 311
24.0,10475.39,5,1,Category 312
24.0,11971.87,4,1,Category 313
24.0,11971.87,6,3,Category 314
24.0,12570.47,6,21,Category 315
24.0,15000.0,6,2,Category 316
24.0,15962.5,8,118,Category 317
24.0,16061.3,7,1,Category 318
24.0,16760.62,8,257,Category 319
24.0,16799.98,8,46,Category 320
24.0,16799.99,8,58,Category 321
24.0,18355.77,8,84,Category 322
24.0,19153.84,8,2,Category 323
24.0,19953.79,8,12,Category 324
24.0,19953.8,8,8,Category 325
24.0,19976.86,8,1,Category 326
24.0,20000.0,8,1,Category 327
24.0,33521.24,16,7,Category 328
24.0,33521.25,16,1,Category 329
25.0,16799.99,8,2,Category 330
26.0,2095.08,1,3,Category 331
26.0,4190.16,2,6,Category 332
26.0,18355.77,8,1,Category 333
27.0,2100.0,1,3,Category 334
27.0,4190.16,2,1,Category 335
27.0,4200.0,2,2,Category 336
28.0,4190.16,2,4,Category 337
28.0,8380.31,4,8,Category 338
28.0,8399.99,4,2,Category 339
28.0,16760.62,8,4,Category 340
28.0,16799.99,8,1,Category 341
28.0,19153.84,8,2,Category 342
29.0,2100.0,1,3,Category 343
29.0,4190.16,2,1,Category 344
29.0,4200.0,2,5,Category 345
30.0,1995.31,1,1,Category 346
30.0,2095.08,1,3,Category 347
30.0,2100.0,1,2,Category 348
30.0,3990.62,2,3,Category 349
30.0,4190.16,2,2,Category 350
30.0,4200.0,2,5,Category 351
30.0,4588.94,2,1,Category 352
30.0,5985.94,3,1,Category 353
30.0,6299.99,3,2,Category 354
30.0,16760.62,8,1,Category 355
30.5,7183.12,2,324,Category 356
31.0,1995.31,1,3,Category 357
31.0,5000.0,2,2,Category 358
31.0,12599.99,6,1,Category 359
31.95,8380.31,4,2,Category 360
32.0,1995.31,1,3,Category 361
32.0,2095.08,1,2,Category 362
32.0,2100.0,1,1,Category 363
32.0,3990.62,2,30,Category 364
32.0,4190.16,2,86,Category 365
32.0,4200.0,2,19,Category 366
32.0,4588.94,2,6,Category 367
32.0,4988.45,2,1,Category 368
32.0,4994.21,2,1,Category 369
32.0,5985.94,3,3,Category 370
32.0,7980.0,4,1,Category 371
32.0,7980.77,4,1,Category 372
32.0,7981.25,4,151,Category 373
32.0,8380.31,4,580,Category 374
32.0,8399.99,4,69,Category 375
32.0,9177.88,4,16,Category 376
32.0,9178.44,4,7,Category 377
32.0,9576.92,4,13,Category 378
32.0,9976.9,4,15,Category 379
32.0,10000.0,4,1,Category 380
32.0,11971.87,6,6,Category 381
32.0,12570.47,6,20,Category 382
32.0,12599.99,6,4,Category 383
32.0,14366.25,4,2,Category 384
32.0,14665.55,7,1,Category 385
32.0,14965.35,6,1,Category 386
32.0,14982.64,6,4,Category 387
32.0,14982.65,6,4,Category 388
32.0,15000.0,6,1,Category 389
32.0,15962.5,8,342,Category 390
32.0,16760.62,8,1687,Category 391
32.0,16799.98,8,42,Category 392
32.0,16799.99,8,97,Category 393
32.0,17558.75,8,4,Category 394
32.0,18355.77,8,58,Category 395
32.0,19153.84,8,23,Category 396
32.0,19953.79,8,13,Category 397
32.0,19953.8,8,8,Category 398
32.0,19976.86,8,9,Category 399
32.0,20000.0,8,6,Category 400
32.0,20800.0,8,1,Category 401
32.0,23943.75,8,19,Category 402
32.0,23943.75,12,3,Category 403
32.0,25140.93,12,25,Category 404
32.0,25140.94,12,6,Category 405
32.0,31924.99,16,10,Category 406
32.0,31925.0,16,31,Category 407
32.0,33521.24,16,223,Category 408
32.0,33521.25,16,355,Category 409
32.0,33599.97,16,15,Category 410
32.0,35915.62,12,1,Category 411
32.0,38307.68,16,1,Category 412
32.0,47887.49,16,2,Category 413
32.0,47887.5,16,5,Category 414
32.0,50281.87,24,1,Category 415
33.0,3990.62,2,1,Category 416
33.0,16760.62,8,4,Category 417
33.0,18355.77,8,1,Category 418
34.0,2095.08,1,1,Category 419
34.0,4190.16,2,5,Category 420
34.0,8380.31,4,3,Category 421
35.0,1995.31,1,1,Category 422
35.0,2100.0,1,1,Category 423
35.0,2494.22,1,2,Category 424
35.0,2494.23,1,1,Category 425
35.0,3990.62,2,3,Category 426
35.0,4200.0,2,2,Category 427
35.0,4588.94,2,1,Category 428
35.0,4988.45,2,13,Category 429
35.0,6285.23,3,1,Category 430
35.0,6883.41,3,2,Category 431
35.0,8380.31,4,1,Category 432
35.0,8399.99,4,5,Category 433
35.0,15962.5,8,1,Category 434
36.0,4190.16,2,2,Category 435
36.0,4200.0,2,3,Category 436
36.0,4588.94,2,1,Category 437
36.0,8380.31,4,2,Category 438
36.0,8399.99,4,5,Category 439
36.0,13766.82,6,1,Category 440
36.0,16760.62,8,4,Category 441
36.0,19953.79,8,2,Category 442
36.0,53873.43,18,1,Category 443
37.0,31923.07,16,1,Category 444
37.0,33521.24,16,4,Category 445
37.0,33521.25,16,7,Category 446
37.0,38307.68,16,4,Category 447
37.0,38307.69,16,28,Category 448
37.0,38309.99,16,10,Category 449
37.0,38310.0,16,2,Category 450
38.0,2095.08,1,1,Category 451
38.0,2100.0,1,2,Category 452
38.0,4190.16,2,1,Category 453
38.0,4200.0,2,5,Category 454
38.0,7981.25,4,12,Category 455
38.0,8380.31,4,12,Category 456
39.0,2095.08,1,3,Category 457
39.0,3990.62,2,1,Category 458
39.0,4190.16,2,4,Category 459
39.0,4588.94,2,1,Category 460
39.0,33521.25,16,3,Category 461
39.0,38307.68,16,1,Category 462
40.0,3990.62,2,1,Category 463
40.0,4190.16,2,1,Category 464
40.0,7981.25,4,1,Category 465
40.0,8380.31,4,9,Category 466
40.0,8399.99,4,3,Category 467
40.0,10000.0,4,1,Category 468
40.0,11971.87,6,2,Category 469
40.0,12570.47,6,4,Category 470
40.0,12599.99,6,3,Category 471
40.0,13766.82,6,1,Category 472
40.0,15962.5,8,8,Category 473
40.0,16760.62,8,16,Category 474
40.0,16799.98,8,1,Category 475
40.0,16799.99,8,2,Category 476
40.0,18355.77,8,9,Category 477
40.0,19953.8,8,2,Category 478
40.0,25140.93,12,27,Category 479
40.0,25140.94,12,1,Category 480
40.0,29365.99,14,5,Category 481
40.0,33561.12,16,1,Category 482
40.0,33561.13,16,1,Category 483
40.0,41901.56,20,3,Category 484
41.0,8380.31,4,1,Category 485
42.0,2095.08,1,4,Category 486
42.0,3990.62,2,1,Category 487
42.0,4190.16,2,4,Category 488
42.0,4200.0,2,3,Category 489
42.0,8380.31,4,6,Category 490
42.0,8978.9,3,4,Category 491
42.0,8978.91,3,123,Category 492
42.0,10475.39,3,169,Category 493
42.0,10774.68,3,2,Category 494
42.0,10774.69,3,176,Category 495
44.0,3990.62,2,1,Category 496
44.0,15962.5,8,1,Category 497
44.0,16760.62,8,3,Category 498
44.0,18355.77,8,2,Category 499
46.0,3990.62,2,1,Category 500
46.0,8380.31,4,1,Category 501
46.0,9976.9,4,2,Category 502
46.0,14965.35,6,6,Category 503
46.0,15962.5,8,1,Category 504
46.0,16799.99,8,1,Category 505
47.0,16760.62,8,2,Category 506
47.0,19953.79,8,4,Category 507
47.0,19953.8,8,3,Category 508
48.0,1995.31,1,2,Category 509
48.0,3990.62,2,4,Category 510
48.0,4190.16,2,3,Category 511
48.0,4200.0,2,2,Category 512
48.0,4588.94,2,2,Category 513
48.0,4988.45,2,4,Category 514
48.0,7981.25,4,7,Category 515
48.0,8380.31,4,45,Category 516
48.0,8399.99,4,12,Category 517
48.0,9177.88,4,2,Category 518
48.0,9976.9,4,1,Category 519
48.0,10000.0,4,1,Category 520
48.0,10475.39,5,1,Category 521
48.0,11971.87,6,11,Category 522
48.0,12570.47,6,8,Category 523
48.0,12599.99,6,11,Category 524
48.0,13766.82,6,1,Category 525
48.0,13967.18,7,1,Category 526
48.0,14965.34,6,1,Category 527
48.0,14965.35,6,2,Category 528
48.0,15962.5,8,49,Category 529
48.0,16760.62,8,187,Category 530
48.0,16799.98,8,4,Category 531
48.0,16799.99,8,13,Category 532
48.0,18355.77,8,12,Category 533
48.0,23943.75,12,3,Category 534
48.0,25140.93,12,16,Category 535
48.0,25140.94,12,1,Category 536
48.0,27533.65,12,2,Category 537
48.0,28730.76,12,3,Category 538
48.0,28730.77,12,42,Category 539
48.0,33521.24,16,15,Category 540
48.0,33521.25,16,7,Category 541
48.0,33599.97,16,1,Category 542
48.0,35915.62,18,2,Category 543
48.0,36711.53,16,6,Category 544
48.0,38307.68,16,3,Category 545
48.0,38307.69,16,2,Category 546
48.0,38309.99,16,1,Category 547
48.0,38310.0,16,1,Category 548
50.0,4190.16,2,3,Category 549
50.0,15962.5,8,1,Category 550
50.0,16760.62,8,4,Category 551
50.0,33599.97,16,1,Category 552
52.0,2095.08,1,1,Category 553
52.0,2100.0,1,1,Category 554
52.0,4190.16,2,8,Category 555
52.0,4200.0,2,2,Category 556
52.0,7981.25,4,2,Category 557
52.0,8380.31,4,1,Category 558
52.0,8399.99,4,5,Category 559
52.0,16760.62,8,1,Category 560
52.0,16799.98,8,1,Category 561
54.0,4200.0,2,2,Category 562
54.0,16799.99,8,1,Category 563
55.0,3990.62,2,2,Category 564
56.0,4190.16,2,2,Category 565
56.0,7981.25,4,4,Category 566
56.0,8380.31,4,3,Category 567
56.0,15962.5,8,2,Category 568
56.0,16760.62,8,3,Category 569
56.0,16799.98,8,1,Category 570
56.0,16799.99,8,2,Category 571
56.0,50281.87,24,1,Category 572
58.0,16760.62,8,4,Category 573
60.0,4200.0,2,2,Category 574
60.0,4988.45,2,2,Category 575
60.0,8380.31,4,5,Category 576
60.0,12570.47,6,1,Category 577
60.0,12599.99,6,2,Category 578
60.0,16760.62,8,2,Category 579
60.0,62852.34,30,2,Category 580
61.0,14366.25,4,210,Category 581
62.0,2095.08,1,3,Category 582
62.0,4190.16,2,6,Category 583
62.0,8380.31,4,2,Category 584
62.0,8789.82,4,67,Category 585
62.0,8799.99,4,33,Category 586
62.0,16760.62,8,3,Category 587
62.0,16799.99,8,2,Category 588
62.5,95774.98,40,4,Category 589
62.5,95774.99,40,4,Category 590
64.0,2100.0,1,2,Category 591
64.0,3990.62,2,18,Category 592
64.0,4190.16,2,48,Category 593
64.0,4200.0,2,15,Category 594
64.0,4588.94,2,3,Category 595
64.0,5985.94,3,1,Category 596
64.0,6299.99,3,8,Category 597
64.0,7981.25,4,103,Category 598
64.0,8380.31,4,414,Category 599
64.0,8399.99,4,55,Category 600
64.0,9177.88,4,8,Category 601
64.0,9178.44,4,2,Category 602
64.0,9976.56,5,2,Category 603
64.0,9976.9,4,7,Category 604
64.0,10475.39,5,5,Category 605
64.0,11971.87,6,15,Category 606
64.0,12570.47,6,72,Category 607
64.0,12599.99,6,16,Category 608
64.0,13766.82,6,2,Category 609
64.0,15962.5,8,755,Category 610
64.0,16760.62,8,2466,Category 611
64.0,16760.63,8,9,Category 612
64.0,16799.98,8,108,Category 613
64.0,16799.99,8,165,Category 614
64.0,18355.77,8,36,Category 615
64.0,18356.87,8,18,Category 616
64.0,19153.84,8,1,Category 617
64.0,19953.12,10,4,Category 618
64.0,19953.79,8,23,Category 619
64.0,19953.8,8,15,Category 620
64.0,19976.86,8,7,Category 621
64.0,20751.25,8,2,Category 622
64.0,20999.98,10,6,Category 623
64.0,23943.75,8,1,Category 624
64.0,25140.93,12,33,Category 625
64.0,25140.94,12,2,Category 626
64.0,29365.99,14,2,Category 627
64.0,31924.99,16,1,Category 628
64.0,31925.0,16,10,Category 629
64.0,33521.24,16,107,Category 630
64.0,33521.25,16,181,Category 631
64.0,33561.13,16,3,Category 632
64.0,33599.97,16,14,Category 633
64.0,36711.53,16,2,Category 634
64.0,67042.49,32,6,Category 635
64.0,67042.5,32,1,Category 636
64.0,83803.11,24,2,Category 637
66.0,11971.87,6,1,Category 638
66.0,15962.5,8,1,Category 639
66.0,19953.79,8,1,Category 640
66.0,19953.8,8,1,Category 641
69.0,15962.5,8,4,Category 642
69.0,16760.62,8,2,Category 643
70.0,15962.5,8,5,Category 644
70.0,16760.62,8,2,Category 645
72.0,3990.62,2,1,Category 646
72.0,4200.0,2,2,Category 647
72.0,4588.94,2,1,Category 648
72.0,4988.45,2,2,Category 649
72.0,8399.99,4,4,Category 650
72.0,15962.5,8,13,Category 651
72.0,16760.62,8,6,Category 652
72.0,16799.99,8,1,Category 653
72.0,18355.77,8,6,Category 654
75.0,14965.35,6,2,Category 655
75.0,16799.98,8,1,Category 656
75.0,16799.99,8,1,Category 657
75.0,36713.75,16,3,Category 658
78.0,9177.88,4,2,Category 659
80.0,8380.31,4,3,Category 660
80.0,9177.88,4,1,Category 661
80.0,12570.47,6,3,Category 662
80.0,15962.5,8,6,Category 663
80.0,16799.99,8,1,Category 664
80.0,19953.79,8,3,Category 665
80.0,19953.8,8,2,Category 666
82.0,11971.87,6,1,Category 667
84.0,17957.81,6,108,Category 668
84.0,20950.78,6,77,Category 669
84.0,21549.37,6,163,Category 670
85.0,16760.62,8,1,Category 671
85.0,16799.99,8,1,Category 672
86.0,18355.77,8,2,Category 673
88.0,18355.77,8,1,Category 674
90.0,16760.62,8,1,Category 675
90.0,19953.12,10,1,Category 676
90.0,36713.75,16,3,Category 677
92.0,9976.9,4,2,Category 678
92.0,16760.62,8,1,Category 679
92.0,47887.5,16,2,Category 680
96.0,4200.0,2,3,Category 681
96.0,7981.25,4,7,Category 682
96.0,8380.31,4,14,Category 683
96.0,8399.99,4,10,Category 684
96.0,11971.87,6,2,Category 685
96.0,12570.47,6,12,Category 686
96.0,13766.82,6,1,Category 687
96.0,15962.5,8,47,Category 688
96.0,16760.62,8,117,Category 689
96.0,16799.98,8,4,Category 690
96.0,16799.99,8,6,Category 691
96.0,18355.77,8,3,Category 692
96.0,18855.7,9,1,Category 693
96.0,19953.12,10,2,Category 694
96.0,25140.93,12,3,Category 695
96.0,25199.98,12,4,Category 696
96.0,29365.99,14,1,Category 697
96.0,33521.24,16,4,Category 698
96.0,33521.25,16,5,Category 699
96.0,33599.97,16,1,Category 700
96.0,50281.87,24,6,Category 701
100.0,7981.25,4,1,Category 702
100.0,8380.31,4,3,Category 703
100.0,12570.47,6,1,Category 704
100.0,15962.5,8,16,Category 705
100.0,16760.62,8,4,Category 706
100.0,16799.98,8,3,Category 707
100.0,16799.99,8,5,Category 708
108.0,4190.16,2,2,Category 709
108.0,5985.94,3,1,Category 710
110.0,3990.62,2,2,Category 711
110.0,9177.88,4,1,Category 712
110.0,15962.5,8,3,Category 713
112.0,12599.99,6,2,Category 714
114.0,16760.62,8,10,Category 715
115.0,16799.99,8,1,Category 716
120.0,4200.0,2,1,Category 717
120.0,7981.25,4,2,Category 718
120.0,8380.31,4,5,Category 719
120.0,16760.62,8,13,Category 720
120.0,16760.63,8,3,Category 721
120.0,16799.98,8,1,Category 722
120.0,16799.99,8,3,Category 723
120.0,18355.77,8,2,Category 724
120.0,19953.79,8,1,Category 725
120.0,19953.8,8,3,Category 726
120.0,27533.65,12,1,Category 727
122.0,28732.49,8,18,Category 728
122.0,28732.5,8,123,Category 729
124.0,4190.16,2,1,Category 730
124.0,15962.5,8,2,Category 731
124.0,17579.64,8,46,Category 732
124.0,17599.98,8,9,Category 733
124.0,17599.99,8,16,Category 734
125.0,3990.62,2,2,Category 735
125.0,15962.5,8,3,Category 736
125.0,16760.62,8,4,Category 737
125.0,16799.99,8,1,Category 738
125.0,18355.77,8,2,Category 739
125.0,33599.97,16,7,Category 740
126.0,16760.62,8,8,Category 741
126.0,16799.99,8,2,Category 742
127.0,16760.62,8,5,Category 743
128.0,2095.08,1,1,Category 744
128.0,3990.62,2,3,Category 745
128.0,4190.16,2,17,Category 746
128.0,4200.0,2,6,Category 747
128.0,4588.94,2,1,Category 748
128.0,4994.21,2,1,Category 749
128.0,4994.22,2,3,Category 750
128.0,5985.94,3,3,Category 751
128.0,6285.23,3,1,Category 752
128.0,6299.99,3,2,Category 753
128.0,7981.25,4,55,Category 754
128.0,8380.31,4,164,Category 755
128.0,8399.99,4,35,Category 756
128.0,9177.88,4,2,Category 757
128.0,9976.56,5,1,Category 758
128.0,9976.9,4,3,Category 759
128.0,10475.39,5,5,Category 760
128.0,10499.99,5,2,Category 761
128.0,11971.87,6,8,Category 762
128.0,12570.47,6,15,Category 763
128.0,12599.99,6,40,Category 764
128.0,13766.82,6,4,Category 765
128.0,14965.34,6,1,Category 766
128.0,14965.35,6,2,Category 767
128.0,15962.5,8,715,Category 768
128.0,16760.62,8,3731,Category 769
128.0,16760.63,8,14,Category 770
128.0,16799.98,8,134,Category 771
128.0,16799.99,8,282,Category 772
128.0,17957.81,9,1,Category 773
128.0,18355.77,8,31,Category 774
128.0,19953.12,10,10,Category 775
128.0,19953.79,8,28,Category 776
128.0,19953.8,8,33,Category 777
128.0,19976.86,8,6,Category 778
128.0,20950.78,10,11,Category 779
128.0,20999.98,10,2,Category 780
128.0,23943.75,8,4,Category 781
128.0,23943.75,12,1,Category 782
128.0,25140.93,12,16,Category 783
128.0,25140.94,12,3,Category 784
128.0,25199.98,12,40,Category 785
128.0,27436.47,11,1,Category 786
128.0,27934.37,14,1,Category 787
128.0,31925.0,16,24,Category 788
128.0,33521.24,16,143,Category 789
128.0,33521.25,16,184,Category 790
128.0,33599.97,16,26,Category 791
128.0,38307.68,16,6,Category 792
128.0,38307.69,16,12,Category 793
128.0,38309.99,16,22,Category 794
128.0,38310.0,16,10,Category 795
128.0,39806.48,19,1,Category 796
128.0,41901.55,20,1,Category 797
128.0,41901.56,20,7,Category 798
128.0,47887.49,16,1,Category 799
128.0,47887.5,16,2,Category 800
128.0,47887.5,24,4,Category 801
128.0,50399.95,24,2,Category 802
128.0,50399.96,24,6,Category 803
128.0,67042.48,32,1,Category 804
128.0,67042.49,32,10,Category 805
128.0,67042.5,32,1,Category 806
128.0,67199.94,32,2,Category 807
128.0,67199.95,32,1,Category 808
129.0,16799.98,8,1,Category 809
132.0,16760.62,8,1,Category 810
140.0,8380.31,4,1,Category 811
168.0,35915.62,12,45,Category 812
168.0,41901.55,12,2,Category 813
168.0,41901.56,12,57,Category 814
168.0,43098.74,12,52,Category 815
168.0,43098.75,12,28,Category 816
188.0,67042.49,32,2,Category 817
192.0,15962.5,8,2,Category 818
192.0,16760.62,8,4,Category 819
192.0,27934.37,14,6,Category 820
192.0,31925.0,16,3,Category 821
192.0,33521.24,16,7,Category 822
192.0,33521.25,16,5,Category 823
192.0,33599.97,16,2,Category 824
192.0,47887.49,24,1,Category 825
192.0,47887.5,24,1,Category 826
194.0,31925.0,16,1,Category 827
196.0,33521.24,16,1,Category 828
228.0,33521.25,16,2,Category 829
242.0,33521.24,16,1,Category 830
244.0,35159.27,16,5,Category 831
244.0,35159.28,16,6,Category 832
244.0,35199.97,16,2,Category 833
244.0,41551.87,16,1,Category 834
244.0,57464.99,16,83,Category 835
244.0,57465.0,16,57,Category 836
248.0,35159.27,16,1,Category 837
248.0,35159.28,16,9,Category 838
248.0,35159.29,16,4,Category 839
248.0,35199.97,16,4,Category 840
250.0,33521.25,16,4,Category 841
253.0,16760.62,8,2,Category 842
253.0,33521.24,16,6,Category 843
253.0,33521.25,16,4,Category 844
253.0,52376.95,25,1,Category 845
256.0,7981.25,4,2,Category 846
256.0,8380.31,4,3,Category 847
256.0,15962.5,8,4,Category 848
256.0,16760.62,8,21,Category 849
256.0,16799.98,8,1,Category 850
256.0,16799.99,8,2,Category 851
256.0,25140.93,12,5,Category 852
256.0,31924.99,16,1,Category 853
256.0,31925.0,16,1,Category 854
256.0,33521.24,16,84,Category 855
256.0,33521.25,16,118,Category 856
256.0,37799.96,18,10,Category 857
256.0,37799.97,18,42,Category 858
256.0,50281.87,24,2,Category 859
256.0,67042.49,32,13,Category 860
256.0,67042.5,32,5,Category 861
300.0,37799.96,18,17,Category 862
300.0,37799.97,18,9,Category 863
336.0,71831.24,24,12,Category 864
336.0,83803.1,24,1,Category 865
336.0,83803.11,24,4,Category 866
336.0,83803.12,24,7,Category 867
336.0,86197.49,24,10,Category 868
380.0,167606.21,80,4,Category 869
380.0,167606.22,80,140,Category 870
380.0,167606.24,80,76,Category 871
400.0,39906.24,20,146,Category 872
400.0,39906.25,20,203,Category 873
400.0,41901.56,20,70,Category 874
400.0,46091.71,22,5071,Category 875
400.0,46091.72,22,116,Category 876
488.0,87898.19,40,11,Category 877
488.0,87898.22,40,1,Category 878
488.0,87898.23,40,2,Category 879
488.0,87999.92,40,8,Category 880
488.0,87999.93,40,7,Category 881
488.0,103879.68,40,1,Category 882
488.0,114929.98,32,32,Category 883
488.0,114929.99,32,14,Category 884
488.0,114930.0,32,1,Category 885
700.0,41901.55,20,15,Category 886
700.0,41901.56,20,417,Category 887
